<addon id="plugin.video.salemmax.moviebox" name="[COLOR lime]Salemmax Phim MovieBox[/COLOR]" provider-name="Salemmax" version="0.5">
  <requires>
    <import addon="xbmc.python" version="2.1.0" />
    <import addon="script.module.xbmcswift2" version="1.3.1" />
    <import addon="plugin.video.youtube" version="4.4.1" />
  </requires>
  <extension library="default.py" point="xbmc.python.pluginsource">
    <provides>video</provides>
  </extension>
  <extension point="xbmc.addon.metadata">
    <platform>all</platform>
    <summary>Unofficial Kodi addon of MovieBox Android app</summary>
    <description>[COLOR lime]app được Salemmax xây dựng dựa vào nguồn dữ liệu trên internet. Bản quyền tác giả thuộc về Salemmax. 
	- Với mục đích phục vụ nhu cầu giải trí cho cộng đồng Kodi. Chúng tôi đã tốn nhiều thời gian và công sức để tạo ra sản phẩm, vì vậy mong các tổ chức và cá nhân tuân thủ các quy định sau:
	- Không tự ý sử dụng mã nguồn của addon khi chưa có sự đồng ý của nhóm lập trình viên Salemmax.
	- Không tự ý chỉnh sửa lại app và chia sẻ, quảng cáo phục vụ cho nhu cầu lợi ích của một cá nhân hay tập thể nào đó.[/COLOR]</description>
  </extension>
</addon>