﻿<?xml version="1.0" encoding="utf-8">
<a server="MMN" category="FRE" mode="10" color="orange" icon="serverphimkhac.png">Kho phim trên các server khác (có phí và free)</a>

<a server="FRE" category="hdviet.com" mode="22" color="darkorange" icon="hdviet.png">Kho phim trên hdviet.com</a>
<a server="FRE" category="hayhaytv.vn" mode="23" color="tomato" icon="hayhaytv.png">Kho phim trên hayhaytv.vn</a>
<a server="FRE" category="phimmoi.net" mode="24" color="ghostwhite" icon="phimmoi.png">Kho phim trên phimmoi.net</a>
<a server="FRE" category="fptplay.net" mode="07" color="orange" icon="fptplay.png">Kho phim trên fptplay.net</a>
<a server="FRE" category="MGB" mode="17" color="orangered" icon="megabox.png">Kho phim trên megabox.vn</a>
<a server="MGB" category="megabox.vn" mode="17" color="lime" icon="megabox.png">Search trên megabox.vn</a>
