<?xml version="1.0" encoding="UTF-8" standalone="yes"?>
<addon
  id="plugin.video.salemmax.htvonline"
  version="1.0.6"
  name="[COLOR violet][B]HTV Online[/B][/COLOR]"
  provider-name="salemmax">
  <requires>
    <import addon="xbmc.python" version="2.1.0"/>
  </requires>
  <extension point="xbmc.python.pluginsource" library="default.py">
        <provides>video</provides>
  </extension>
  <extension point="xbmc.addon.metadata">
    <summary>HTV Online</summary>
    <description>* Addon được Salemmax xây dựng dựa vào nguồn dữ liệu trên internet. Bản quyền tác giả thuộc về Salemmax. 
	* Với mục đích phục vụ nhu cầu giải trí cho cộng đồng Kodi. Chúng tôi đã tốn nhiều thời gian và công sức để tạo ra sản phẩm, vì vậy mong các tổ chức và cá nhân tuân thủ các quy định sau:
	- Không tự ý sử dụng mã nguồn của addon khi chưa có sự đồng ý của nhóm lập trình viên Salemmax.
	- Không tự ý chỉnh sửa lại addon và chia sẻ, quảng cáo phục vụ cho nhu cầu lợi ích của một cá nhân hay tập thể nào đó</description>
    <platform>all</platform>
  </extension>
</addon>